Ht_cm,Wt_kg,40yd,Vertical,Bench,Broad Jump,3Cone,Shuttle,G,Cmp,Att,Pct,Yds,Y/A,AY/A,TD,Int,Rate,y
187.5,96.75,4.61,31.5,,106.0,7.03,4.3,8.0,19.0,30.0,63.3,169.0,5.6,4.8,1.0,1.0,115.0,0
180.0,93.15,4.84,,,,,,52.0,921.0,1478.0,62.3,13166.0,8.9,9.3,121.0,41.0,158.6,1
185.0,100.35,4.71,34.5,,110.0,7.38,,25.0,424.0,665.0,63.8,5469.0,8.2,8.6,43.0,13.0,150.3,1
182.5,99.45,4.78,32.0,,108.0,7.14,4.33,45.0,603.0,1027.0,58.7,7548.0,7.3,7.1,52.0,29.0,131.5,0
187.5,98.1,4.71,34.5,22.0,128.0,6.93,4.08,18.0,98.0,192.0,51.0,1215.0,6.3,7.6,14.0,1.0,127.2,1
187.5,99.0,4.94,28.0,,99.0,7.18,4.34,53.0,686.0,1026.0,66.9,9019.0,8.8,9.6,77.0,15.0,162.5,1
185.0,94.95,4.96,28.0,,112.0,7.22,4.19,46.0,848.0,1451.0,58.4,10913.0,7.5,7.2,76.0,43.0,133.0,1
190.0,97.65,4.71,32.0,,113.0,6.82,3.96,,,,,,,,,,,1
190.0,103.05,4.85,,,,,,44.0,791.0,1278.0,61.9,9360.0,7.3,7.7,79.0,25.0,139.9,1
190.0,105.3,4.59,36.0,,124.0,6.8,4.28,38.0,713.0,1064.0,67.0,9430.0,8.9,9.5,82.0,22.0,162.8,1
195.0,104.85,4.86,,,,,,48.0,777.0,1416.0,54.9,10617.0,7.5,7.6,85.0,36.0,132.6,1
185.0,96.75,4.83,29.5,,106.0,6.93,4.27,50.0,812.0,1317.0,61.7,10314.0,7.8,7.9,71.0,30.0,140.7,1
180.0,103.95,5.03,26.5,,100.0,7.47,4.62,46.0,540.0,923.0,58.5,5789.0,6.3,5.9,38.0,24.0,119.6,0
190.0,103.95,5.07,26.5,16.0,108.0,7.43,4.6,37.0,460.0,821.0,56.0,5275.0,6.4,6.1,31.0,19.0,117.8,0
180.0,94.5,4.81,29.5,,112.0,7.18,4.48,27.0,359.0,607.0,59.1,5045.0,8.3,7.9,36.0,21.0,141.6,0
185.0,98.55,4.69,31.0,,109.0,6.73,4.11,46.0,933.0,1527.0,61.1,10892.0,7.1,7.4,83.0,27.0,135.4,0
182.5,96.75,4.84,29.0,,111.0,7.0,4.28,48.0,1026.0,1497.0,68.5,14607.0,9.8,10.6,131.0,30.0,175.4,1
190.0,101.7,4.57,32.5,,114.0,6.94,4.26,,,,,,,,,,,0
185.0,99.9,4.72,33.0,,108.0,7.41,4.34,,,,,,,,,,,0
192.5,108.45,4.75,,,,,,38.0,854.0,1304.0,65.5,10829.0,8.3,8.4,84.0,34.0,151.3,1
187.5,100.35,4.68,24.5,18.0,109.0,,,35.0,483.0,803.0,60.1,5616.0,7.0,6.2,31.0,28.0,124.7,0
190.0,92.7,5.03,28.5,,107.0,7.46,4.42,40.0,416.0,766.0,54.3,5463.0,7.1,6.5,46.0,31.0,125.9,0
187.5,104.85,4.94,,,109.0,7.07,4.38,,,,,,,,,,,1
180.0,94.5,4.9,,,,,,31.0,529.0,822.0,64.4,6378.0,7.8,7.8,59.0,25.0,147.1,1
190.0,105.3,4.61,33.5,,120.0,6.84,4.26,31.0,568.0,933.0,60.9,6822.0,7.3,7.3,40.0,18.0,132.6,1
192.5,104.4,4.93,32.5,,115.0,7.08,4.21,37.0,585.0,891.0,65.7,7598.0,8.5,8.8,56.0,19.0,153.8,1
177.5,98.1,4.57,30.5,,115.0,,,37.0,275.0,430.0,64.0,3731.0,8.7,9.0,30.0,10.0,155.2,0
177.5,90.45,4.67,33.5,,112.0,,,23.0,211.0,362.0,58.3,3155.0,8.7,9.5,30.0,7.0,155.0,0
190.0,96.3,,,,,,,38.0,720.0,1188.0,60.6,9968.0,8.4,8.6,69.0,24.0,146.2,1
190.0,103.05,4.97,29.0,,112.0,7.17,4.55,,,,,,,,,,,1
185.0,103.95,4.98,33.5,,115.0,6.89,4.11,38.0,424.0,778.0,54.5,6165.0,7.9,7.1,37.0,30.0,129.0,1
190.0,104.4,4.73,,24.0,,,,49.0,929.0,1602.0,58.0,11762.0,7.3,7.4,95.0,39.0,134.4,1
182.5,97.65,4.84,28.0,,110.0,7.06,4.33,42.0,583.0,1016.0,57.4,7463.0,7.3,7.5,64.0,26.0,134.8,1
190.0,103.05,4.72,33.0,,110.0,7.18,4.37,20.0,189.0,373.0,50.7,2325.0,6.2,5.9,16.0,10.0,111.8,0
185.0,94.5,4.81,32.5,,106.0,6.9,4.08,32.0,313.0,504.0,62.1,4354.0,8.6,8.8,35.0,14.0,152.0,1
187.5,95.85,5.22,27.0,,103.0,7.49,4.52,43.0,1023.0,1491.0,68.6,12855.0,8.6,9.1,111.0,34.0,161.0,1
187.5,99.45,4.89,,,,,,30.0,767.0,1103.0,69.5,9260.0,8.4,8.7,75.0,27.0,157.6,1
182.5,99.0,4.76,34.0,,114.0,6.75,4.22,47.0,913.0,1584.0,57.6,10580.0,6.7,6.2,44.0,36.0,118.4,0
187.5,101.7,4.63,36.0,,120.0,6.93,3.98,40.0,837.0,1241.0,67.4,9966.0,8.0,8.3,75.0,25.0,150.8,1
185.0,94.5,4.91,33.0,,116.0,7.1,4.29,50.0,1035.0,1617.0,64.0,13578.0,8.4,8.7,90.0,29.0,149.3,0
187.5,103.5,4.81,30.0,,115.0,7.13,4.55,44.0,780.0,1185.0,65.8,10775.0,9.1,9.4,71.0,24.0,157.9,1
185.0,96.75,5.02,32.0,,109.0,7.1,4.42,39.0,500.0,896.0,55.8,6159.0,6.9,6.5,35.0,23.0,121.3,0
187.5,98.1,4.82,30.0,,106.0,,,,,,,,,,,,,0
182.5,99.45,4.83,29.0,,109.0,7.49,4.54,37.0,459.0,787.0,58.3,5752.0,7.3,7.0,45.0,25.0,132.2,0
197.5,108.9,4.83,,,,,,25.0,412.0,680.0,60.6,5082.0,7.5,7.5,33.0,15.0,135.0,1
185.0,92.25,4.88,30.5,,104.0,7.34,4.25,39.0,488.0,869.0,56.2,6382.0,7.3,7.1,41.0,22.0,128.4,1
180.0,117.0,5.12,27.5,,94.0,7.97,4.76,,,,,,,,,,,0
182.5,97.65,4.59,34.0,,107.0,7.12,4.16,49.0,766.0,1123.0,68.2,9225.0,8.2,8.6,85.0,27.0,157.4,1
185.0,94.95,4.81,37.0,,125.0,7.13,4.2,18.0,45.0,83.0,54.2,580.0,7.0,7.5,9.0,3.0,141.5,0
180.0,101.25,4.71,33.0,,113.0,6.97,4.08,48.0,490.0,833.0,58.8,6508.0,7.8,7.3,48.0,31.0,136.0,0
187.5,103.5,4.87,34.0,,121.0,6.91,4.13,37.0,530.0,845.0,62.7,8195.0,9.7,10.6,62.0,10.0,166.0,1
187.5,102.6,4.87,25.5,,108.0,7.22,4.3,35.0,668.0,1005.0,66.5,8221.0,8.2,8.3,64.0,25.0,151.2,0
192.5,108.45,4.85,,,,,,61.0,939.0,1442.0,65.1,11903.0,8.3,8.6,89.0,28.0,150.9,1
192.5,111.6,4.56,35.0,,126.0,6.92,4.18,20.0,191.0,292.0,65.4,2908.0,10.0,10.9,30.0,7.0,178.2,1
192.5,113.85,4.81,36.0,,,,,23.0,166.0,269.0,61.7,2322.0,8.6,8.6,15.0,7.0,147.4,1
192.5,104.4,4.65,,,,,,53.0,927.0,1569.0,59.1,11818.0,7.5,7.0,72.0,49.0,131.2,1
192.5,106.65,4.77,30.5,,118.0,6.86,4.15,42.0,392.0,612.0,64.1,5115.0,8.4,8.8,45.0,14.0,153.9,1
182.5,93.6,4.72,32.5,,103.0,,,57.0,1546.0,2229.0,69.4,19217.0,8.6,9.1,155.0,46.0,160.6,0
187.5,100.35,4.95,,,,,,45.0,775.0,1270.0,61.0,9707.0,7.6,7.7,75.0,31.0,139.8,0
187.5,103.5,4.92,25.5,,106.0,7.17,4.4,47.0,828.0,1387.0,59.7,9715.0,7.0,7.1,87.0,37.0,133.9,1
187.5,103.05,4.81,33.5,,111.0,7.12,4.16,38.0,848.0,1334.0,63.6,11446.0,8.6,9.2,107.0,30.0,157.6,1
185.0,98.55,4.68,32.5,,112.0,6.78,4.15,47.0,687.0,1110.0,61.9,8944.0,8.1,8.2,68.0,26.0,145.1,1
190.0,101.25,4.79,33.0,,113.0,6.94,4.08,46.0,913.0,1436.0,63.6,11049.0,7.7,7.6,64.0,32.0,138.5,1
192.5,100.35,4.75,33.0,,112.0,7.0,4.11,44.0,817.0,1368.0,59.7,9665.0,7.1,6.3,49.0,46.0,124.2,1
180.0,98.1,4.79,33.0,,,7.28,4.31,51.0,1094.0,1609.0,68.0,12515.0,7.8,7.9,101.0,41.0,148.9,0
190.0,108.9,5.12,27.0,,108.0,7.93,4.65,36.0,1086.0,1566.0,69.3,11846.0,7.6,7.5,85.0,41.0,145.6,0
192.5,103.5,4.9,29.5,,106.0,7.49,4.53,34.0,728.0,1198.0,60.8,8335.0,7.0,7.0,72.0,31.0,133.9,0
185.0,97.2,4.96,,,,,,26.0,74.0,166.0,44.6,990.0,6.0,6.0,9.0,4.0,107.7,0
180.0,94.05,4.74,32.5,,113.0,7.03,4.41,51.0,895.0,1458.0,61.4,11213.0,7.7,7.6,88.0,42.0,140.1,0
187.5,99.9,5.37,26.5,,98.0,7.8,4.78,43.0,1031.0,1679.0,61.4,12541.0,7.5,7.1,84.0,51.0,134.6,1
185.0,96.3,4.7,33.5,,116.0,7.53,4.53,43.0,575.0,1042.0,55.2,8390.0,8.1,7.5,63.0,40.0,135.1,0
190.0,99.0,4.84,31.0,,103.0,7.38,4.21,41.0,535.0,911.0,58.7,7097.0,7.8,7.5,58.0,31.0,138.4,1
190.0,101.7,5.2,,,,,,36.0,650.0,1107.0,58.7,9839.0,8.9,9.0,79.0,32.0,151.1,1
190.0,100.35,4.78,31.0,,114.0,7.04,4.33,38.0,693.0,1235.0,56.1,8457.0,6.8,6.5,48.0,31.0,121.4,1
185.0,103.05,4.63,34.0,,116.0,6.85,4.09,35.0,596.0,965.0,61.8,6872.0,7.1,6.7,49.0,30.0,132.1,1
185.0,98.55,,31.0,,113.0,,,40.0,454.0,782.0,58.1,5562.0,7.1,7.0,40.0,19.0,129.8,1
190.0,99.9,,,,,,,53.0,991.0,1696.0,58.4,10731.0,6.3,5.9,61.0,45.0,118.1,1
185.0,101.7,4.87,35.5,,106.0,7.33,4.27,41.0,551.0,1128.0,48.8,7706.0,6.8,6.4,48.0,33.0,114.4,0
182.5,100.35,4.63,32.5,,118.0,6.95,4.1,45.0,878.0,1348.0,65.1,9659.0,7.2,7.0,57.0,29.0,135.0,0
182.5,99.0,4.89,29.5,,104.0,7.32,4.0,51.0,851.0,1261.0,67.5,10339.0,8.2,8.9,88.0,19.0,156.4,1
187.5,104.85,4.79,30.5,,109.0,7.19,4.3,38.0,792.0,1373.0,57.7,9916.0,7.2,6.6,53.0,42.0,125.0,1
185.0,95.4,4.78,30.5,,112.0,6.98,4.28,34.0,545.0,854.0,63.8,6417.0,7.5,7.9,45.0,13.0,141.3,0
192.5,104.85,4.53,32.5,,115.0,6.85,4.18,51.0,740.0,1271.0,58.2,10098.0,7.9,8.4,82.0,24.0,142.5,1
192.5,101.7,4.78,29.0,,111.0,7.17,4.4,48.0,370.0,604.0,61.3,4724.0,7.8,7.7,30.0,15.0,138.4,0
185.0,93.15,4.79,,,,,,38.0,1115.0,1584.0,70.4,14193.0,9.0,9.4,131.0,42.0,167.6,1
182.5,97.2,4.79,,,114.0,,,53.0,1157.0,1645.0,70.3,13253.0,8.1,8.2,112.0,45.0,155.0,1
190.0,97.65,4.79,33.0,,113.0,7.21,4.28,43.0,673.0,1170.0,57.5,9194.0,7.9,8.2,71.0,22.0,139.8,1
187.5,91.8,4.87,,,,,,35.0,1014.0,1634.0,62.1,11308.0,6.9,6.6,90.0,50.0,132.2,0
180.0,92.7,4.66,34.0,,116.0,7.07,4.33,43.0,480.0,733.0,65.5,6074.0,8.3,8.8,56.0,16.0,155.9,0
187.5,102.6,4.93,27.0,,105.0,7.23,4.47,50.0,1022.0,1648.0,62.0,12891.0,7.8,7.4,90.0,55.0,139.1,0
187.5,102.6,4.84,28.0,,112.0,7.22,4.08,33.0,328.0,577.0,56.8,4489.0,7.8,7.1,28.0,21.0,130.9,1
185.0,98.1,4.87,28.5,,104.0,7.03,4.13,17.0,265.0,453.0,58.5,3325.0,7.3,6.6,16.0,15.0,125.2,0
187.5,101.25,4.86,30.0,19.0,105.0,7.43,4.49,31.0,518.0,815.0,63.6,5762.0,7.1,7.0,42.0,20.0,135.0,0
187.5,101.25,4.87,29.0,,102.0,7.0,4.48,46.0,987.0,1648.0,59.9,11163.0,6.8,6.3,67.0,46.0,124.6,1
185.0,98.1,4.73,35.5,,114.0,7.36,4.4,22.0,316.0,642.0,49.2,3902.0,6.1,4.7,16.0,27.0,100.1,0
185.0,101.7,4.79,32.5,,116.0,7.11,4.32,49.0,734.0,1169.0,62.8,9376.0,8.0,8.3,70.0,23.0,146.0,1
187.5,103.5,4.6,29.5,,110.0,6.93,4.22,53.0,1171.0,1763.0,66.4,12905.0,7.3,7.6,102.0,36.0,142.9,1
192.5,101.25,4.93,29.5,,107.0,7.33,4.39,46.0,916.0,1567.0,58.5,10706.0,6.8,6.4,84.0,51.0,127.0,1
192.5,99.45,4.81,33.5,,120.0,7.0,4.41,,,,,,,,,,,1
185.0,99.9,4.76,30.5,,114.0,7.09,4.37,37.0,563.0,973.0,57.9,7076.0,7.3,7.3,43.0,19.0,129.6,1
180.0,107.55,4.82,33.0,,110.0,7.62,4.69,41.0,694.0,1246.0,55.7,9886.0,7.9,7.9,71.0,33.0,135.9,0
187.5,99.0,4.77,36.0,14.0,121.0,7.17,4.28,31.0,449.0,733.0,61.3,5910.0,8.1,8.8,66.0,17.0,154.1,0
185.0,105.75,4.72,,21.0,,,,41.0,444.0,738.0,60.2,5742.0,7.8,8.0,43.0,16.0,140.4,0
190.0,112.05,4.99,30.5,,101.0,7.42,4.36,41.0,685.0,1180.0,58.1,8564.0,7.3,7.4,74.0,29.0,134.8,1
187.5,100.35,4.67,35.0,,108.0,7.05,4.28,36.0,565.0,901.0,62.7,7458.0,8.3,8.6,65.0,22.0,151.2,1
185.0,95.4,4.99,28.0,,103.0,7.55,4.5,25.0,639.0,938.0,68.1,8382.0,8.9,9.3,66.0,22.0,161.7,1
185.0,105.75,4.82,33.5,,111.0,7.35,4.26,44.0,666.0,1169.0,57.0,9029.0,7.7,7.2,60.0,39.0,132.1,1
187.5,101.7,4.78,31.5,,115.0,7.0,4.1,51.0,849.0,1440.0,59.0,11528.0,8.0,8.0,72.0,32.0,138.3,1
187.5,92.7,4.95,30.0,,108.0,7.28,4.44,40.0,763.0,1376.0,55.5,10903.0,7.9,7.9,73.0,33.0,134.7,0
187.5,100.35,4.73,31.5,,115.0,7.37,4.2,13.0,24.0,45.0,53.3,275.0,6.1,5.4,3.0,2.0,117.8,0
192.5,103.05,4.79,33.0,,118.0,6.92,4.21,35.0,841.0,1367.0,61.5,9852.0,7.2,7.3,83.0,34.0,137.1,1
187.5,87.75,4.58,,,,,,40.0,444.0,695.0,63.9,5129.0,7.4,7.1,38.0,21.0,137.9,1
195.0,108.9,5.03,29.0,,103.0,7.67,4.62,49.0,768.0,1515.0,50.7,11249.0,7.4,6.8,79.0,57.0,122.7,1
185.0,96.3,4.69,34.5,,110.0,,4.2,44.0,1087.0,1630.0,66.7,12843.0,7.9,8.6,113.0,24.0,152.8,1
185.0,99.45,4.66,32.5,,119.0,6.95,4.31,38.0,814.0,1207.0,67.4,10168.0,8.4,8.7,90.0,32.0,157.5,1
190.0,104.85,4.83,30.5,,107.0,7.4,4.53,25.0,422.0,695.0,60.7,5805.0,8.4,8.5,47.0,19.0,147.7,1
182.5,96.3,4.56,37.5,,121.0,7.07,4.17,38.0,240.0,443.0,54.2,3555.0,8.0,8.6,34.0,9.0,142.8,1
185.0,101.7,4.95,29.5,,96.0,,,36.0,87.0,185.0,47.0,1042.0,5.6,2.6,6.0,15.0,88.8,0
180.0,95.85,4.83,32.0,,105.0,7.09,4.21,45.0,1026.0,1678.0,61.1,11792.0,7.0,6.9,90.0,45.0,132.5,1
190.0,102.6,4.69,31.0,,112.0,7.03,4.12,50.0,883.0,1553.0,56.9,12193.0,7.9,8.0,99.0,39.0,138.8,1
185.0,99.9,5.09,23.0,,97.0,,4.42,45.0,664.0,1148.0,57.8,8532.0,7.4,7.3,67.0,32.0,134.0,0
187.5,101.7,4.75,30.5,,108.0,6.77,4.41,45.0,543.0,846.0,64.2,6524.0,7.7,7.2,42.0,28.0,138.7,1
187.5,96.75,4.9,30.5,,109.0,7.18,4.45,44.0,849.0,1322.0,64.2,8748.0,6.6,6.4,52.0,30.0,128.2,0
185.0,93.6,4.67,30.5,,108.0,6.77,4.08,24.0,240.0,437.0,54.9,3218.0,7.4,6.2,23.0,22.0,124.1,0
192.5,105.75,4.95,29.0,,108.0,7.25,4.43,,,,,,,,,,,0
187.5,103.95,5.04,28.5,,,,,22.0,413.0,590.0,70.0,5396.0,9.1,10.3,54.0,9.0,174.0,1
182.5,100.8,4.62,33.5,,118.0,6.65,4.05,,,,,,,,,,,0
192.5,106.65,4.65,34.0,,118.0,7.08,4.21,43.0,600.0,897.0,66.9,7741.0,8.6,8.3,47.0,28.0,150.4,1
192.5,99.45,4.9,,,,,,43.0,829.0,1363.0,60.8,10119.0,7.4,7.5,81.0,35.0,137.7,1
177.5,87.3,4.6,,,,,,41.0,307.0,628.0,48.9,5099.0,8.1,7.4,37.0,26.0,128.3,0
192.5,101.25,4.98,21.5,,108.0,7.51,4.6,43.0,733.0,1210.0,60.6,8700.0,7.2,7.1,72.0,35.0,134.8,1
182.5,94.5,4.67,32.5,,112.0,6.83,4.12,,,,,,,,,,,0
182.5,101.25,4.97,33.5,,116.0,7.14,4.45,30.0,761.0,1168.0,65.2,8266.0,7.1,7.4,62.0,20.0,138.7,1
185.0,95.85,4.75,,,,,,37.0,688.0,1113.0,61.8,9190.0,8.3,8.3,64.0,27.0,145.3,1
185.0,98.1,4.58,33.5,,124.0,,,44.0,988.0,1465.0,67.4,11662.0,8.0,8.7,98.0,21.0,153.5,1
190.0,103.05,5.0,29.0,,103.0,7.41,4.52,47.0,880.0,1556.0,56.6,11453.0,7.4,7.0,78.0,48.0,128.8,0
187.5,100.8,4.74,36.5,,119.0,6.94,4.23,,,,,,,,,,,1
185.0,100.35,4.95,29.5,,98.0,7.45,4.56,45.0,1403.0,2011.0,69.8,15793.0,7.9,8.4,134.0,34.0,154.3,0
185.0,99.0,4.84,33.0,,107.0,7.11,4.45,35.0,436.0,658.0,66.3,5691.0,8.6,9.2,39.0,10.0,155.4,1
185.0,99.0,4.93,34.0,,112.0,7.08,4.14,40.0,596.0,1156.0,51.6,7981.0,6.9,5.8,41.0,46.0,113.3,0
190.0,105.75,5.22,26.0,,99.0,7.4,4.59,30.0,313.0,534.0,58.6,3912.0,7.3,6.4,26.0,23.0,127.6,0
185.0,99.0,4.71,36.0,,111.0,7.13,4.17,16.0,54.0,87.0,62.1,750.0,8.6,8.3,3.0,2.0,141.3,1
185.0,97.2,4.6,,22.0,,,,36.0,269.0,523.0,51.4,3868.0,7.4,7.2,22.0,12.0,122.9,1
190.0,103.95,4.94,31.0,,113.0,7.17,4.53,,,,,,,,,,,1
187.5,91.35,4.65,37.0,,113.0,7.1,4.4,47.0,703.0,1170.0,60.1,8826.0,7.5,6.9,70.0,48.0,135.0,0
185.0,94.95,4.74,29.0,,112.0,7.19,4.44,53.0,958.0,1484.0,64.6,12296.0,8.3,8.5,94.0,34.0,150.5,0
185.0,103.95,4.51,35.0,,120.0,6.77,4.12,40.0,619.0,1147.0,54.0,7639.0,6.7,6.2,53.0,35.0,119.1,1
192.5,119.25,4.83,,,,,,36.0,493.0,797.0,61.9,6625.0,8.3,8.4,52.0,21.0,147.9,1
190.0,103.95,4.97,28.5,,103.0,7.16,4.36,27.0,562.0,851.0,66.0,7964.0,9.4,9.4,65.0,28.0,163.3,1
185.0,93.6,4.79,34.0,,112.0,7.35,4.49,43.0,687.0,1189.0,57.8,8173.0,6.9,6.3,46.0,35.0,122.4,0
187.5,101.7,4.92,32.0,,116.0,6.95,4.52,32.0,507.0,888.0,57.1,5786.0,6.5,6.3,35.0,20.0,120.3,0
185.0,98.1,4.93,27.5,,106.0,7.29,4.39,,,,,,,,,,,0
190.0,96.75,4.82,27.0,,110.0,7.17,4.47,37.0,977.0,1568.0,62.3,12195.0,7.8,8.1,96.0,30.0,144.0,1
187.5,129.6,5.28,,,,,,43.0,862.0,1514.0,56.9,10354.0,6.8,6.7,78.0,41.0,126.0,0
185.0,98.55,4.56,35.5,,111.0,6.78,4.08,47.0,610.0,980.0,62.2,8256.0,8.4,7.9,58.0,37.0,145.0,0
180.0,101.7,4.68,,,109.0,,,36.0,306.0,536.0,57.1,4820.0,9.0,8.5,34.0,21.0,145.7,1
187.5,100.8,4.5,34.5,,114.0,7.24,4.39,38.0,268.0,421.0,63.7,2983.0,7.1,6.5,16.0,13.0,129.5,0
185.0,98.1,4.81,31.0,,110.0,7.28,4.33,37.0,545.0,848.0,64.3,7217.0,8.5,9.0,48.0,13.0,151.4,1
187.5,101.25,4.82,31.5,26.0,111.0,7.0,4.47,,,,,,,,,,,0
192.5,103.5,4.71,,,,,,48.0,552.0,854.0,64.6,7299.0,8.5,8.3,45.0,24.0,148.2,1
190.0,101.7,4.83,30.5,,113.0,7.28,4.18,29.0,260.0,496.0,52.4,3702.0,7.5,7.4,30.0,14.0,129.4,0
182.5,92.25,4.87,,,,,,40.0,611.0,1118.0,54.7,8830.0,7.9,7.6,70.0,39.0,134.7,0
185.0,100.35,4.9,31.0,,108.0,7.28,4.19,40.0,627.0,990.0,63.3,7922.0,8.0,8.5,81.0,24.0,152.7,0
187.5,101.7,4.77,,23.0,,7.1,4.26,45.0,710.0,1242.0,57.2,8697.0,7.0,6.6,59.0,36.0,125.9,1
190.0,105.3,4.56,32.0,,122.0,7.19,4.25,42.0,607.0,1000.0,60.7,7437.0,7.4,7.2,50.0,28.0,134.1,1
190.0,100.35,5.26,25.5,,105.0,7.14,4.36,,,,,,,,,,,0
192.5,101.7,4.91,29.5,,114.0,7.16,4.42,45.0,682.0,1122.0,60.8,7862.0,7.0,6.7,55.0,33.0,129.9,1
187.5,100.35,4.95,26.5,,101.0,7.65,4.36,41.0,685.0,1150.0,59.6,8932.0,7.8,7.3,61.0,39.0,135.5,1
192.5,98.1,4.83,31.0,,114.0,6.87,4.16,29.0,311.0,544.0,57.2,3905.0,7.2,6.9,29.0,16.0,129.2,0
187.5,104.4,4.8,26.5,,112.0,,4.41,,,,,,,,,,,0
192.5,112.95,4.75,29.0,,119.0,7.28,4.31,37.0,650.0,1109.0,58.6,8011.0,7.2,7.3,67.0,27.0,134.4,0
190.0,111.6,4.99,31.5,,113.0,7.3,4.51,,,,,,,,,,,0
185.0,103.95,4.78,35.5,,112.0,7.13,4.29,27.0,254.0,479.0,53.0,3755.0,7.8,7.5,31.0,17.0,133.1,1
187.5,98.55,5.04,33.0,,106.0,7.08,4.33,34.0,401.0,727.0,55.2,5765.0,7.9,7.1,48.0,35.0,133.9,0
187.5,99.9,4.76,,,,,,35.0,695.0,1110.0,62.6,8148.0,7.3,7.3,60.0,27.0,137.2,1
185.0,101.7,4.97,30.5,,110.0,7.04,4.26,,,,,,,,,,,1
195.0,106.2,4.84,28.5,,110.0,6.82,4.27,,,,,,,,,,,1
175.0,86.4,4.81,,,106.0,,,43.0,629.0,1020.0,61.7,8882.0,8.7,8.3,65.0,39.0,148.2,1
192.5,106.2,4.8,33.5,,115.0,7.29,4.33,44.0,613.0,1031.0,59.5,7635.0,7.4,6.7,48.0,37.0,129.8,0
190.0,96.75,4.89,32.0,,112.0,7.0,4.21,34.0,512.0,928.0,55.2,6911.0,7.4,7.6,59.0,23.0,133.8,1
185.0,96.75,4.75,29.5,,111.0,6.81,4.17,43.0,885.0,1418.0,62.4,11021.0,7.8,7.8,79.0,34.0,141.3,1
185.0,96.75,4.75,29.5,,111.0,6.81,4.17,14.0,2.0,6.0,33.3,20.0,3.3,3.3,0.0,0.0,61.3,1
185.0,98.1,4.82,22.5,,99.0,,4.58,38.0,518.0,832.0,62.3,6125.0,7.4,7.5,55.0,21.0,140.9,0
195.0,110.7,5.19,26.5,,100.0,7.73,4.46,46.0,744.0,1327.0,56.1,9014.0,6.8,6.8,70.0,30.0,126.0,1
182.5,98.55,4.75,29.5,,105.0,7.53,4.59,45.0,665.0,1175.0,56.6,7924.0,6.7,6.4,47.0,30.0,121.3,0
192.5,109.35,4.85,33.5,,108.0,7.17,4.33,,,,,,,,,,,1
185.0,93.15,5.08,27.0,,104.0,7.29,4.6,39.0,534.0,934.0,57.2,7227.0,7.7,7.7,47.0,22.0,134.1,0
180.0,93.15,4.68,31.5,,113.0,6.75,4.03,26.0,595.0,863.0,68.9,7820.0,9.1,9.4,63.0,22.0,164.1,1
180.0,102.15,4.85,29.5,,102.0,7.55,4.38,37.0,259.0,544.0,47.6,4642.0,8.5,8.3,33.0,18.0,132.7,0
190.0,100.35,4.58,36.5,14.0,116.0,6.81,4.06,42.0,397.0,678.0,58.6,4733.0,7.0,6.7,34.0,20.0,127.8,0
180.0,97.65,4.76,29.5,,109.0,6.55,4.2,50.0,509.0,824.0,61.8,6209.0,7.5,8.0,51.0,14.0,142.1,0
195.0,103.95,4.98,30.5,,104.0,7.32,4.58,46.0,851.0,1427.0,59.6,11084.0,7.8,7.0,88.0,64.0,136.3,1
187.5,99.45,4.77,27.5,,109.0,7.06,4.36,19.0,381.0,591.0,64.5,5600.0,9.5,9.6,30.0,12.0,156.8,0
192.5,106.65,4.75,33.5,,119.0,6.9,4.4,,,,,,,,,,,1
185.0,94.95,5.16,28.5,,103.0,7.59,4.42,31.0,443.0,844.0,52.5,5273.0,6.2,5.0,21.0,32.0,105.6,0
185.0,99.45,4.9,29.5,,105.0,7.54,4.48,20.0,307.0,623.0,49.3,3951.0,6.3,4.7,24.0,34.0,104.3,1
195.0,111.6,4.9,33.5,,119.0,7.11,4.43,35.0,680.0,1151.0,59.1,8078.0,7.0,6.5,44.0,34.0,124.7,1
185.0,96.75,4.64,33.0,,113.0,6.89,4.07,36.0,427.0,776.0,55.0,6015.0,7.8,8.1,55.0,19.0,138.6,0
182.5,107.1,4.78,31.0,,115.0,,,21.0,61.0,99.0,61.6,613.0,6.2,5.4,5.0,4.0,122.2,1
182.5,107.1,4.78,31.0,,115.0,,,42.0,627.0,1028.0,61.0,7503.0,7.3,7.1,55.0,28.0,134.5,1
185.0,96.75,4.85,37.5,,114.0,7.18,4.15,24.0,615.0,972.0,63.3,7066.0,7.3,6.9,50.0,30.0,135.1,1
187.5,95.85,4.53,33.5,,110.0,7.56,4.42,,,,,,,,,,,1
190.0,99.45,4.59,38.5,,120.0,6.85,3.9,30.0,340.0,664.0,51.2,4022.0,6.1,4.6,27.0,34.0,105.3,1
187.5,94.95,4.59,40.0,,126.0,6.84,4.12,,,,,,,,,,,0
190.0,101.7,4.92,31.0,,111.0,7.09,4.28,30.0,712.0,1170.0,60.9,9340.0,8.0,8.0,59.0,26.0,140.1,1
190.0,106.65,5.12,28.5,,107.0,7.25,4.76,18.0,141.0,292.0,48.3,1978.0,6.8,6.0,15.0,12.0,113.9,0
187.5,103.95,4.8,31.0,,116.0,6.74,4.31,,,,,,,,,,,0
187.5,97.2,4.64,33.0,,122.0,6.75,4.31,37.0,614.0,999.0,61.5,7138.0,7.1,6.9,53.0,29.0,133.2,1
185.0,100.8,4.73,33.0,,116.0,,,38.0,570.0,987.0,57.8,6754.0,6.8,6.8,60.0,27.0,129.8,1
182.5,100.8,4.7,30.0,,108.0,7.38,4.44,50.0,769.0,1211.0,63.5,9434.0,7.8,8.4,104.0,30.0,152.3,0
185.0,100.35,4.88,29.0,,107.0,7.46,4.28,,,,,,,,,,,1
190.0,107.1,5.22,29.5,,101.0,7.78,4.62,,,,,,,,,,,0
182.5,93.15,4.78,32.5,,113.0,7.14,4.16,,,,,,,,,,,0
187.5,98.1,5.0,28.0,,100.0,7.07,4.25,49.0,1035.0,1642.0,63.0,11402.0,6.9,6.9,92.0,42.0,134.7,1
185.0,100.8,4.89,,,,,,37.0,613.0,1005.0,61.0,7555.0,7.5,7.7,61.0,24.0,139.4,1
180.0,88.65,4.82,27.0,,99.0,7.41,4.56,53.0,1157.0,1658.0,69.8,14667.0,8.8,9.8,142.0,28.0,169.0,0
192.5,93.6,4.7,,,,,,41.0,668.0,1153.0,57.9,9565.0,8.3,8.7,86.0,28.0,147.4,1
192.5,97.2,4.57,35.0,,122.0,7.41,4.47,26.0,453.0,785.0,57.7,5179.0,6.6,6.6,33.0,15.0,123.2,0
177.5,93.15,4.92,31.0,,106.0,7.3,4.45,38.0,609.0,1004.0,60.7,8065.0,8.0,7.9,53.0,27.0,140.2,0
187.5,98.1,4.78,32.5,,113.0,6.9,4.31,51.0,727.0,1103.0,65.9,9385.0,8.5,8.7,75.0,29.0,154.6,1
187.5,98.1,4.85,32.5,,112.0,6.94,4.44,50.0,964.0,1565.0,61.6,12964.0,8.3,8.5,85.0,31.0,145.1,1
192.5,101.25,4.61,31.0,,113.0,7.01,4.38,39.0,664.0,1151.0,57.7,7689.0,6.7,6.2,46.0,34.0,121.1,1
187.5,96.3,4.84,28.5,,109.0,7.05,4.5,45.0,723.0,1128.0,64.1,9131.0,8.1,8.1,66.0,30.0,146.1,1
187.5,95.85,4.77,30.0,,101.0,6.92,4.1,43.0,1231.0,1883.0,65.4,12429.0,6.6,6.7,95.0,40.0,133.2,1
187.5,98.1,4.95,31.0,16.0,112.0,7.15,4.33,27.0,534.0,925.0,57.7,5817.0,6.3,6.3,46.0,21.0,122.4,0
185.0,99.45,4.86,27.0,,100.0,7.34,4.5,42.0,668.0,1229.0,54.4,8460.0,6.9,6.7,66.0,33.0,124.5,1
187.5,105.3,4.61,35.5,,117.0,7.2,4.02,43.0,622.0,1301.0,47.8,7980.0,6.1,5.5,64.0,48.0,108.2,1
187.5,99.9,4.81,31.0,,113.0,6.95,4.07,,,,,,,,,,,1
190.0,104.85,5.06,26.5,,,7.38,4.52,44.0,786.0,1336.0,58.8,9337.0,7.0,7.0,63.0,28.0,128.9,1
190.0,103.5,4.91,29.5,,106.0,7.51,4.53,44.0,722.0,1264.0,57.1,8865.0,7.0,7.0,64.0,29.0,128.2,0
187.5,98.1,4.85,25.5,,105.0,7.34,4.32,33.0,478.0,807.0,59.2,5835.0,7.2,6.4,38.0,31.0,127.8,0
187.5,98.1,4.85,25.5,,105.0,7.34,4.32,34.0,15.0,39.0,38.5,148.0,3.8,3.7,2.0,1.0,82.1,0
175.0,93.15,,,,,,,29.0,350.0,519.0,67.4,5406.0,10.4,11.1,50.0,14.0,181.3,1
185.0,97.2,,,,,,,38.0,619.0,1086.0,57.0,9043.0,8.3,8.5,69.0,27.0,142.9,1
190.0,101.25,5.11,31.0,,115.0,7.12,4.3,53.0,1388.0,2183.0,63.6,16646.0,7.6,7.7,123.0,52.0,141.5,1
185.0,93.15,4.75,,,,,,,,,,,,,,,,0
187.5,103.05,4.93,31.5,20.0,106.0,7.07,4.43,23.0,522.0,830.0,62.9,6284.0,7.6,7.8,38.0,12.0,138.7,1
195.0,111.6,4.61,35.5,,118.0,7.05,4.18,47.0,693.0,1248.0,55.5,9003.0,7.2,6.6,52.0,39.0,123.6,1
182.5,95.85,4.79,31.5,,103.0,6.94,4.15,43.0,759.0,1166.0,65.1,10514.0,9.0,9.6,93.0,25.0,162.9,1
190.0,96.75,,26.5,,103.0,,,42.0,1403.0,2054.0,68.3,14481.0,7.1,7.4,119.0,39.0,142.8,1
185.0,99.9,4.96,32.5,,106.0,6.95,4.46,31.0,480.0,918.0,52.3,6149.0,6.7,6.5,41.0,23.0,118.3,0
190.0,93.6,4.71,37.5,,125.0,6.74,4.21,43.0,1063.0,1775.0,59.9,12666.0,7.1,6.5,87.0,62.0,129.0,1
185.0,93.6,4.97,,,100.0,7.46,4.34,38.0,630.0,1023.0,61.6,8153.0,8.0,7.6,59.0,34.0,140.9,1
190.0,99.9,4.52,36.0,,121.0,6.87,4.11,41.0,779.0,1167.0,66.8,10796.0,9.3,10.5,105.0,14.0,171.8,1
180.0,90.0,4.47,36.0,,117.0,6.94,4.08,24.0,207.0,346.0,59.8,2868.0,8.3,7.4,19.0,15.0,138.9,0
185.0,102.15,4.93,32.5,,116.0,7.06,4.21,27.0,313.0,487.0,64.3,3965.0,8.1,8.3,41.0,16.0,153.9,1
187.5,108.0,4.65,30.0,15.0,111.0,7.25,4.3,,,,,,,,,,,0
182.5,100.35,4.71,35.5,,115.0,7.36,4.35,42.0,418.0,761.0,54.9,5501.0,7.2,6.4,31.0,28.0,121.7,1
192.5,105.75,4.9,26.0,,,,,42.0,915.0,1447.0,63.2,13618.0,9.4,9.9,92.0,26.0,159.7,1
185.0,102.15,4.91,,,,,,47.0,1001.0,1562.0,64.1,12327.0,7.9,8.0,116.0,48.0,148.7,1
185.0,103.95,4.79,28.0,,109.0,7.21,4.34,41.0,245.0,437.0,56.1,3096.0,7.1,7.2,31.0,13.0,133.0,1
190.0,104.4,5.0,29.5,,108.0,6.99,4.28,19.0,27.0,41.0,65.9,286.0,7.0,7.5,1.0,0.0,132.5,0
192.5,100.35,4.9,,,,,,39.0,807.0,1245.0,64.8,10693.0,8.6,9.3,99.0,23.0,159.5,1
185.0,102.6,4.79,,,,,,23.0,310.0,529.0,58.6,3831.0,7.2,7.1,37.0,18.0,135.7,1
192.5,102.6,4.89,,,,7.4,4.51,43.0,807.0,1347.0,59.9,9313.0,6.9,6.5,56.0,37.0,126.2,1
195.0,109.35,5.04,30.5,,110.0,7.65,4.62,40.0,716.0,1069.0,67.0,7502.0,7.0,7.0,56.0,26.0,138.4,1
185.0,95.85,4.69,31.0,,118.0,6.69,3.99,34.0,415.0,675.0,61.5,4921.0,7.3,7.0,33.0,19.0,133.2,0
185.0,101.25,4.81,30.5,,107.0,7.06,4.47,39.0,564.0,987.0,57.1,7731.0,7.8,7.4,51.0,33.0,133.3,1
182.5,94.05,4.84,32.0,,102.0,7.07,4.35,39.0,903.0,1382.0,65.3,11365.0,8.2,8.3,94.0,40.0,151.1,0
180.0,94.5,4.33,,,,,,22.0,192.0,343.0,56.0,3299.0,9.6,9.4,21.0,11.0,150.6,1
197.5,101.25,4.94,26.5,,102.0,7.49,4.52,36.0,646.0,1069.0,60.4,7411.0,6.9,6.8,63.0,31.0,132.3,1
187.5,101.25,4.93,32.0,,110.0,6.96,4.37,30.0,408.0,637.0,64.1,4265.0,6.7,5.9,19.0,20.0,123.9,1
185.0,93.15,4.57,37.5,,124.0,7.12,4.12,35.0,482.0,974.0,49.5,6608.0,6.8,5.2,41.0,52.0,109.7,1
187.5,96.3,4.74,30.5,,109.0,6.76,4.11,,,,,,,,,,,0
192.5,100.8,5.09,27.0,,96.0,7.4,4.4,,,,,,,,,,,1
187.5,101.7,4.93,34.5,,123.0,6.96,4.25,47.0,580.0,1029.0,56.4,7287.0,7.1,6.4,36.0,32.0,121.2,0
185.0,99.9,4.67,27.5,,116.0,6.87,4.25,,,,,,,,,,,1
182.5,101.7,4.95,26.5,,99.0,,,39.0,678.0,1124.0,60.3,9233.0,8.2,8.7,74.0,22.0,147.1,1
195.0,105.3,5.02,29.0,,105.0,,,38.0,593.0,983.0,60.3,7879.0,8.0,8.3,61.0,20.0,144.1,1
182.5,98.55,4.86,30.5,,106.0,7.43,4.44,,,,,,,,,,,0
190.0,108.0,5.12,25.5,,102.0,7.13,4.46,46.0,779.0,1427.0,54.6,10084.0,7.1,6.2,74.0,60.0,122.7,1
185.0,101.7,4.82,31.0,,110.0,7.14,4.31,35.0,398.0,662.0,60.1,5236.0,7.9,8.2,47.0,17.0,144.9,1
187.5,99.0,4.88,28.5,,101.0,7.28,4.32,18.0,367.0,553.0,66.4,4445.0,8.0,8.6,39.0,11.0,153.2,0
192.5,101.7,4.64,29.5,,115.0,,,44.0,511.0,942.0,54.2,6207.0,6.6,6.3,55.0,30.0,122.5,0
192.5,109.35,5.14,30.5,,112.0,,,36.0,938.0,1404.0,66.8,10068.0,7.2,7.1,67.0,33.0,138.1,1
190.0,104.4,4.84,32.5,,108.0,7.47,4.29,25.0,523.0,811.0,64.5,6938.0,8.6,9.7,71.0,11.0,162.5,1
182.5,105.3,4.82,34.5,,108.0,7.32,4.4,45.0,387.0,769.0,50.3,5409.0,7.0,6.6,42.0,26.0,120.7,0
187.5,101.25,4.81,33.0,,116.0,7.08,4.32,14.0,25.0,48.0,52.1,459.0,9.6,11.2,4.0,0.0,159.9,0
180.0,88.65,4.55,35.0,,117.0,7.06,4.42,49.0,507.0,783.0,64.8,6049.0,7.7,7.8,56.0,23.0,147.4,1
185.0,101.25,4.8,30.0,,114.0,6.88,4.08,32.0,857.0,1349.0,63.5,11252.0,8.3,8.8,93.0,29.0,152.0,1
185.0,98.55,5.24,33.5,,112.0,7.12,4.09,35.0,798.0,1355.0,58.9,9205.0,6.8,6.2,72.0,51.0,126.0,1
187.5,101.25,5.06,31.5,,101.0,7.14,4.37,,,,,,,,,,,0
192.5,104.4,5.1,29.0,,110.0,7.36,4.49,49.0,842.0,1405.0,59.9,10136.0,7.2,6.8,84.0,49.0,133.3,0
182.5,93.6,4.95,26.5,,111.0,7.02,4.29,47.0,808.0,1292.0,62.5,10936.0,8.5,8.5,83.0,35.0,149.4,0
197.5,109.8,4.86,36.0,,118.0,7.14,4.26,38.0,758.0,1205.0,62.9,8863.0,7.4,7.5,59.0,23.0,137.0,1
192.5,103.05,5.08,,,,,,49.0,1087.0,1710.0,63.6,13484.0,7.9,8.1,95.0,34.0,144.2,1
185.0,101.25,4.58,35.5,,113.0,7.12,4.12,29.0,483.0,853.0,56.6,6447.0,7.6,7.1,35.0,25.0,127.8,1
175.0,96.3,4.63,,,112.0,6.81,4.57,43.0,565.0,980.0,57.7,8124.0,8.3,8.7,71.0,23.0,146.5,0
192.5,104.85,4.67,33.5,,116.0,6.76,4.1,28.0,290.0,484.0,59.9,3203.0,6.6,6.3,23.0,14.0,125.4,0
187.5,100.8,4.77,31.5,,106.0,6.75,3.87,36.0,188.0,369.0,50.9,2973.0,8.1,8.1,25.0,11.0,135.0,1
185.0,89.10000000000002,4.4,32.0,,121.0,6.96,4.25,42.0,478.0,875.0,54.6,6992.0,8.0,7.8,44.0,23.0,133.1,1
182.5,97.65,5.06,,,,,,35.0,677.0,1110.0,61.0,9164.0,8.3,8.2,77.0,36.0,146.7,1
185.0,101.25,4.7,,25.0,106.0,6.91,4.06,,,,,,,,,,,1
190.0,100.35,4.87,32.5,,110.0,6.95,4.43,39.0,542.0,907.0,59.8,7377.0,8.1,7.8,56.0,31.0,141.6,1
187.5,95.4,4.98,29.0,,110.0,6.96,4.4,26.0,579.0,917.0,63.1,7955.0,8.7,9.3,70.0,19.0,157.1,0
180.0,96.3,5.05,30.0,,101.0,7.04,4.29,50.0,903.0,1349.0,66.9,9762.0,7.2,6.9,60.0,37.0,136.9,0
185.0,100.35,4.33,39.0,,120.0,,,,,,,,,,,,,1
190.0,99.9,4.87,26.5,,110.0,7.69,4.22,,,,,,,,,,,0
185.0,108.0,4.79,30.5,,110.0,7.66,4.41,46.0,458.0,842.0,54.4,6724.0,8.0,7.8,60.0,30.0,137.9,0
185.0,110.25,4.74,,,,,,25.0,286.0,478.0,59.8,4415.0,9.2,9.0,29.0,15.0,151.2,1
180.0,92.25,4.61,35.0,,110.0,7.4,4.51,36.0,515.0,930.0,55.4,6513.0,7.0,6.4,45.0,33.0,123.1,0
185.0,99.0,4.59,35.0,,115.0,7.06,4.11,37.0,345.0,695.0,49.6,4987.0,7.2,5.7,28.0,35.0,113.1,1
185.0,98.1,4.89,29.0,11.0,100.0,7.25,4.47,47.0,799.0,1309.0,61.0,10491.0,8.0,8.0,81.0,35.0,143.4,0
177.5,91.8,4.53,34.0,,118.0,6.97,4.09,50.0,907.0,1489.0,60.9,11720.0,7.9,8.4,109.0,30.0,147.2,1
187.5,104.85,5.12,,,,6.84,4.28,30.0,412.0,663.0,62.1,5334.0,8.0,8.0,42.0,20.0,144.6,0
190.0,95.85,4.73,30.5,,116.0,7.2,4.2,46.0,938.0,1461.0,64.2,11147.0,7.6,7.6,63.0,30.0,138.4,1
185.0,104.4,4.86,30.5,,105.0,7.09,4.07,,,,,,,,,,,1
190.0,103.05,4.86,29.5,,108.0,7.52,4.45,49.0,961.0,1732.0,55.5,12690.0,7.3,7.1,90.0,47.0,128.8,1
197.5,113.85,5.37,24.0,,103.0,,,37.0,552.0,955.0,57.8,8385.0,8.8,9.1,69.0,24.0,150.4,1
185.0,102.15,5.06,28.5,,105.0,7.34,4.53,47.0,791.0,1312.0,60.3,9190.0,7.0,7.1,70.0,28.0,132.5,1
190.0,99.45,4.65,,,,,,50.0,484.0,774.0,62.5,5450.0,7.0,6.9,42.0,21.0,134.2,1
190.0,102.6,4.74,34.0,,107.0,7.07,4.29,30.0,306.0,587.0,52.1,4164.0,7.1,5.7,18.0,26.0,113.0,1
190.0,106.2,4.79,,,,,,31.0,604.0,893.0,67.6,8403.0,9.4,10.6,88.0,16.0,175.6,1
187.5,99.45,4.85,26.5,,105.0,6.96,4.4,27.0,549.0,846.0,64.9,7229.0,8.5,8.7,57.0,22.0,153.7,1
190.0,108.45,4.99,24.0,,107.0,7.07,4.35,29.0,425.0,703.0,60.5,5440.0,7.7,7.5,40.0,21.0,138.3,0
182.5,100.8,4.95,30.0,,119.0,7.44,4.34,24.0,536.0,886.0,60.5,6267.0,7.1,7.0,40.0,19.0,130.5,0
185.0,95.4,4.92,29.5,,116.0,6.84,4.12,29.0,410.0,602.0,68.1,5271.0,8.8,8.5,32.0,18.0,153.2,0
190.0,100.35,4.93,29.5,,100.0,7.26,4.39,38.0,552.0,861.0,64.1,5970.0,6.9,6.5,38.0,26.0,130.9,1
195.0,103.05,5.14,31.0,,105.0,7.29,4.39,47.0,1187.0,1838.0,64.6,13600.0,7.4,7.0,83.0,54.0,135.8,1
187.5,98.55,4.76,,,,,,42.0,898.0,1389.0,64.7,9465.0,6.8,6.3,51.0,40.0,128.2,1
187.5,104.4,5.08,27.0,,105.0,7.32,4.45,43.0,887.0,1412.0,62.8,9746.0,6.9,6.6,60.0,35.0,129.9,0
177.5,88.2,4.56,38.0,,127.0,6.98,4.14,25.0,411.0,712.0,57.7,5289.0,7.4,6.5,26.0,27.0,124.6,1
187.5,95.85,,,,,,,31.0,345.0,606.0,56.9,5461.0,9.0,9.7,60.0,18.0,159.4,0
185.0,98.1,4.94,29.5,,104.0,7.17,4.45,39.0,1052.0,1579.0,66.6,11991.0,7.6,7.8,86.0,30.0,144.6,0
190.0,89.55,4.83,,,,,,,,,,,,,,,,0
187.5,103.05,4.91,34.0,,108.0,7.71,4.59,,,,,,,,,,,1
180.0,93.6,4.56,31.0,,111.0,7.03,4.09,50.0,416.0,630.0,66.0,5853.0,9.3,9.6,38.0,13.0,159.8,1
187.5,101.25,4.61,33.0,,112.0,7.34,4.49,40.0,485.0,815.0,59.5,5475.0,6.7,6.7,28.0,13.0,124.1,1
185.0,95.85,4.63,30.0,,111.0,7.36,4.49,36.0,551.0,955.0,57.7,7896.0,8.3,7.9,49.0,30.0,137.8,0
182.5,99.9,4.84,30.5,,106.0,7.33,4.23,47.0,901.0,1402.0,64.3,11904.0,8.5,8.8,107.0,39.0,155.2,1
190.0,98.1,4.98,32.0,,115.0,7.0,4.41,31.0,574.0,1040.0,55.2,6744.0,6.5,5.8,46.0,37.0,117.1,1
185.0,101.7,4.69,31.5,22.0,107.0,7.4,4.38,11.0,17.0,48.0,35.4,196.0,4.1,1.7,1.0,3.0,64.1,1
185.0,102.15,4.92,,,,,,30.0,297.0,580.0,51.2,3783.0,6.5,6.2,15.0,11.0,110.7,0
185.0,96.3,,30.0,,113.0,7.17,4.2,39.0,781.0,1142.0,68.4,9817.0,8.6,8.9,72.0,24.0,157.2,1
185.0,102.15,4.58,34.5,,113.0,,,38.0,326.0,588.0,55.4,4592.0,7.8,7.7,32.0,16.0,133.6,1
180.0,96.75,4.84,28.0,,107.0,,,47.0,877.0,1510.0,58.1,10065.0,6.7,6.4,67.0,40.0,123.4,0
182.5,94.95,4.83,33.0,,113.0,7.27,4.4,27.0,278.0,501.0,55.5,3890.0,7.8,7.5,29.0,16.0,133.4,0
190.0,103.05,4.97,32.5,18.0,118.0,7.1,4.54,44.0,1013.0,1608.0,63.0,11329.0,7.0,7.1,99.0,41.0,137.4,0
180.0,90.9,5.02,27.0,,97.0,7.28,4.24,44.0,875.0,1507.0,58.1,11299.0,7.5,7.2,87.0,49.0,133.6,0
180.0,96.75,4.91,25.5,,100.0,7.34,4.21,33.0,1015.0,1552.0,65.4,12746.0,8.2,8.7,115.0,35.0,154.3,1
187.5,106.2,4.71,38.5,,115.0,6.66,4.17,55.0,661.0,995.0,66.4,9285.0,9.3,10.4,88.0,16.0,170.8,1
182.5,94.95,5.08,29.0,,111.0,7.24,4.2,53.0,1388.0,2436.0,57.0,17072.0,7.0,6.5,117.0,80.0,125.1,0
187.5,98.55,5.06,29.5,,104.0,6.96,4.12,45.0,795.0,1277.0,62.3,9377.0,7.3,6.6,58.0,46.0,131.7,1
187.5,105.3,5.37,25.0,,91.0,7.77,4.64,,,,,,,,,,,0
187.5,97.2,5.2,27.5,,99.0,7.17,4.41,36.0,465.0,872.0,53.3,6564.0,7.5,7.2,41.0,24.0,126.6,1
190.0,94.95,5.28,24.5,,99.0,7.2,4.38,29.0,395.0,638.0,61.9,4773.0,7.5,7.2,30.0,17.0,134.9,1
192.5,99.0,4.87,28.5,,106.0,6.93,4.37,45.0,584.0,989.0,59.0,6857.0,6.9,6.4,47.0,32.0,126.5,1
190.0,102.6,4.97,27.0,,105.0,7.33,4.36,31.0,430.0,757.0,56.8,5690.0,7.5,7.4,37.0,19.0,131.1,1
195.0,100.35,4.9,28.5,,108.0,7.06,4.53,27.0,421.0,682.0,61.7,5018.0,7.4,7.5,49.0,20.0,141.4,1
185.0,103.5,5.01,30.0,,105.0,7.11,4.2,,,,,,,,,,,0
180.0,90.9,4.57,33.0,,115.0,7.09,4.12,46.0,720.0,1215.0,59.3,9899.0,8.1,8.5,77.0,25.0,144.5,1
187.5,98.1,5.01,29.0,,101.0,7.54,4.87,,,,,,,,,,,0
185.0,97.2,4.71,35.0,,111.0,6.93,4.07,,,,,,,,,,,0
190.0,103.95,4.76,,19.0,,7.14,4.46,35.0,487.0,865.0,56.3,5429.0,6.3,5.4,36.0,33.0,115.1,1
180.0,95.4,4.77,32.0,,110.0,,4.4,48.0,829.0,1355.0,61.2,10727.0,7.9,8.0,86.0,37.0,143.2,0
182.5,98.55,4.54,35.5,,125.0,7.04,4.14,35.0,473.0,852.0,55.5,5856.0,6.9,6.5,44.0,26.0,124.2,0
180.0,101.25,4.72,,,,,,43.0,420.0,670.0,62.7,5720.0,8.5,9.3,54.0,13.0,157.1,1
195.0,104.4,5.05,,,100.0,7.2,4.51,28.0,540.0,922.0,58.6,7444.0,8.1,8.2,69.0,28.0,145.0,0
182.5,96.75,4.83,31.5,,112.0,7.05,4.36,41.0,645.0,1075.0,60.0,8343.0,7.8,7.9,66.0,25.0,140.8,0
185.0,96.75,4.95,28.5,,112.0,7.22,4.39,37.0,593.0,948.0,62.6,7765.0,8.2,8.1,52.0,26.0,144.0,1
197.5,112.05,4.59,34.5,,120.0,7.09,4.28,32.0,533.0,955.0,55.8,6999.0,7.3,7.2,49.0,24.0,129.3,0
182.5,97.65,4.47,37.5,,126.0,6.78,4.09,50.0,495.0,865.0,57.2,7017.0,8.1,8.1,44.0,20.0,137.5,1
177.5,90.0,4.83,29.5,,114.0,6.82,4.2,,,,,,,,,,,0
192.5,103.05,4.48,,,,,,37.0,444.0,718.0,61.8,6040.0,8.4,7.9,44.0,28.0,144.9,1
185.0,97.65,4.84,34.0,,112.0,7.09,4.28,28.0,621.0,945.0,65.7,8556.0,9.1,9.7,81.0,23.0,165.2,1
175.0,93.15,4.59,,,,,,,,,,,,,,,,0
187.5,103.95,4.81,,,,,,46.0,1066.0,1672.0,63.8,12013.0,7.2,6.7,73.0,51.0,132.4,1
185.0,96.3,4.68,35.0,,110.0,7.24,4.4,45.0,610.0,999.0,61.1,8317.0,8.3,8.3,66.0,31.0,146.6,1
185.0,97.2,5.06,30.5,,110.0,7.39,4.6,29.0,471.0,822.0,57.3,5853.0,7.1,7.1,45.0,20.0,130.3,0
192.5,100.8,,,,,,,30.0,407.0,659.0,61.8,5783.0,8.8,8.8,35.0,15.0,148.4,1
